-- phpMyAdmin SQL Dump
-- version 5.2.1
-- https://www.phpmyadmin.net/
--
-- Host: 127.0.0.1
-- Waktu pembuatan: 16 Jul 2026 pada 14.30
-- Versi server: 10.4.32-MariaDB
-- Versi PHP: 8.2.12

SET SQL_MODE = "NO_AUTO_VALUE_ON_ZERO";
START TRANSACTION;
SET time_zone = "+00:00";


/*!40101 SET @OLD_CHARACTER_SET_CLIENT=@@CHARACTER_SET_CLIENT */;
/*!40101 SET @OLD_CHARACTER_SET_RESULTS=@@CHARACTER_SET_RESULTS */;
/*!40101 SET @OLD_COLLATION_CONNECTION=@@COLLATION_CONNECTION */;
/*!40101 SET NAMES utf8mb4 */;

--
-- Database: `masuya_test`
--

-- --------------------------------------------------------

--
-- Struktur dari tabel `cache`
--

CREATE TABLE `cache` (
  `key` varchar(255) NOT NULL,
  `value` mediumtext NOT NULL,
  `expiration` int(11) NOT NULL
) ENGINE=InnoDB DEFAULT CHARSET=utf8mb4 COLLATE=utf8mb4_unicode_ci;

-- --------------------------------------------------------

--
-- Struktur dari tabel `cache_locks`
--

CREATE TABLE `cache_locks` (
  `key` varchar(255) NOT NULL,
  `owner` varchar(255) NOT NULL,
  `expiration` int(11) NOT NULL
) ENGINE=InnoDB DEFAULT CHARSET=utf8mb4 COLLATE=utf8mb4_unicode_ci;

-- --------------------------------------------------------

--
-- Struktur dari tabel `customers`
--

CREATE TABLE `customers` (
  `kode_customer` varchar(30) NOT NULL,
  `nama_customer` varchar(150) NOT NULL,
  `alamat_lengkap` text DEFAULT NULL,
  `provinsi` varchar(100) DEFAULT NULL,
  `kota` varchar(100) DEFAULT NULL,
  `kecamatan` varchar(100) DEFAULT NULL,
  `kelurahan` varchar(100) DEFAULT NULL,
  `kode_pos` varchar(10) DEFAULT NULL,
  `created_at` timestamp NULL DEFAULT NULL,
  `updated_at` timestamp NULL DEFAULT NULL
) ENGINE=InnoDB DEFAULT CHARSET=utf8mb4 COLLATE=utf8mb4_unicode_ci;

--
-- Dumping data untuk tabel `customers`
--

INSERT INTO `customers` (`kode_customer`, `nama_customer`, `alamat_lengkap`, `provinsi`, `kota`, `kecamatan`, `kelurahan`, `kode_pos`, `created_at`, `updated_at`) VALUES
('CST001', 'Pelanggan 1', 'Jl. Mawar No. 1', 'Jawa Timur', 'Surabaya', 'Kec. 1', 'Kel. 1', '60001', '2026-07-16 11:20:23', '2026-07-16 11:20:23'),
('CST002', 'Pelanggan 2', 'Jl. Mawar No. 2', 'Jawa Timur', 'Surabaya', 'Kec. 2', 'Kel. 2', '60002', '2026-07-16 11:20:23', '2026-07-16 11:20:23'),
('CST003', 'Pelanggan 3', 'Jl. Mawar No. 3', 'Jawa Timur', 'Surabaya', 'Kec. 3', 'Kel. 3', '60003', '2026-07-16 11:20:23', '2026-07-16 11:20:23'),
('CST004', 'Pelanggan 4', 'Jl. Mawar No. 4', 'Jawa Timur', 'Surabaya', 'Kec. 4', 'Kel. 4', '60004', '2026-07-16 11:20:23', '2026-07-16 11:20:23'),
('CST005', 'Pelanggan 5', 'Jl. Mawar No. 5', 'Jawa Timur', 'Surabaya', 'Kec. 5', 'Kel. 5', '60005', '2026-07-16 11:20:23', '2026-07-16 11:20:23'),
('CST006', 'Pelanggan 6', 'Jl. Mawar No. 6', 'Jawa Timur', 'Surabaya', 'Kec. 6', 'Kel. 6', '60006', '2026-07-16 11:20:23', '2026-07-16 11:20:23'),
('CST007', 'Pelanggan 7', 'Jl. Mawar No. 7', 'Jawa Timur', 'Surabaya', 'Kec. 7', 'Kel. 7', '60007', '2026-07-16 11:20:23', '2026-07-16 11:20:23'),
('CST008', 'Pelanggan 8', 'Jl. Mawar No. 8', 'Jawa Timur', 'Surabaya', 'Kec. 8', 'Kel. 8', '60008', '2026-07-16 11:20:23', '2026-07-16 11:20:23'),
('CST009', 'Pelanggan 9', 'Jl. Mawar No. 9', 'Jawa Timur', 'Surabaya', 'Kec. 9', 'Kel. 9', '60009', '2026-07-16 11:20:23', '2026-07-16 11:20:23'),
('CST010', 'Pelanggan 10', 'Jl. Mawar No. 10', 'Jawa Timur', 'Surabaya', 'Kec. 10', 'Kel. 10', '60010', '2026-07-16 11:20:23', '2026-07-16 11:20:23'),
('CST011', 'Pelanggan 11', 'Jl. Mawar No. 11', 'Jawa Timur', 'Surabaya', 'Kec. 11', 'Kel. 11', '60011', '2026-07-16 11:20:23', '2026-07-16 11:20:23'),
('CST012', 'Pelanggan 12', 'Jl. Mawar No. 12', 'Jawa Timur', 'Surabaya', 'Kec. 12', 'Kel. 12', '60012', '2026-07-16 11:20:23', '2026-07-16 11:20:23'),
('CST013', 'Pelanggan 13', 'Jl. Mawar No. 13', 'Jawa Timur', 'Surabaya', 'Kec. 13', 'Kel. 13', '60013', '2026-07-16 11:20:23', '2026-07-16 11:20:23'),
('CST014', 'Pelanggan 14', 'Jl. Mawar No. 14', 'Jawa Timur', 'Surabaya', 'Kec. 14', 'Kel. 14', '60014', '2026-07-16 11:20:23', '2026-07-16 11:20:23'),
('CST015', 'Pelanggan 15', 'Jl. Mawar No. 15', 'Jawa Timur', 'Surabaya', 'Kec. 15', 'Kel. 15', '60015', '2026-07-16 11:20:23', '2026-07-16 11:20:23'),
('CST016', 'Pelanggan 16', 'Jl. Mawar No. 16', 'Jawa Timur', 'Surabaya', 'Kec. 16', 'Kel. 16', '60016', '2026-07-16 11:20:23', '2026-07-16 11:20:23'),
('CST017', 'Pelanggan 17', 'Jl. Mawar No. 17', 'Jawa Timur', 'Surabaya', 'Kec. 17', 'Kel. 17', '60017', '2026-07-16 11:20:23', '2026-07-16 11:20:23'),
('CST018', 'Pelanggan 18', 'Jl. Mawar No. 18', 'Jawa Timur', 'Surabaya', 'Kec. 18', 'Kel. 18', '60018', '2026-07-16 11:20:23', '2026-07-16 11:20:23'),
('CST019', 'Pelanggan 19', 'Jl. Mawar No. 19', 'Jawa Timur', 'Surabaya', 'Kec. 19', 'Kel. 19', '60019', '2026-07-16 11:20:23', '2026-07-16 11:20:23'),
('CST020', 'Pelanggan 20', 'Jl. Mawar No. 20', 'Jawa Timur', 'Surabaya', 'Kec. 20', 'Kel. 20', '60020', '2026-07-16 11:20:23', '2026-07-16 11:20:23');

-- --------------------------------------------------------

--
-- Struktur dari tabel `failed_jobs`
--

CREATE TABLE `failed_jobs` (
  `id` bigint(20) UNSIGNED NOT NULL,
  `uuid` varchar(255) NOT NULL,
  `connection` text NOT NULL,
  `queue` text NOT NULL,
  `payload` longtext NOT NULL,
  `exception` longtext NOT NULL,
  `failed_at` timestamp NOT NULL DEFAULT current_timestamp()
) ENGINE=InnoDB DEFAULT CHARSET=utf8mb4 COLLATE=utf8mb4_unicode_ci;

-- --------------------------------------------------------

--
-- Struktur dari tabel `jobs`
--

CREATE TABLE `jobs` (
  `id` bigint(20) UNSIGNED NOT NULL,
  `queue` varchar(255) NOT NULL,
  `payload` longtext NOT NULL,
  `attempts` tinyint(3) UNSIGNED NOT NULL,
  `reserved_at` int(10) UNSIGNED DEFAULT NULL,
  `available_at` int(10) UNSIGNED NOT NULL,
  `created_at` int(10) UNSIGNED NOT NULL
) ENGINE=InnoDB DEFAULT CHARSET=utf8mb4 COLLATE=utf8mb4_unicode_ci;

-- --------------------------------------------------------

--
-- Struktur dari tabel `job_batches`
--

CREATE TABLE `job_batches` (
  `id` varchar(255) NOT NULL,
  `name` varchar(255) NOT NULL,
  `total_jobs` int(11) NOT NULL,
  `pending_jobs` int(11) NOT NULL,
  `failed_jobs` int(11) NOT NULL,
  `failed_job_ids` longtext NOT NULL,
  `options` mediumtext DEFAULT NULL,
  `cancelled_at` int(11) DEFAULT NULL,
  `created_at` int(11) NOT NULL,
  `finished_at` int(11) DEFAULT NULL
) ENGINE=InnoDB DEFAULT CHARSET=utf8mb4 COLLATE=utf8mb4_unicode_ci;

-- --------------------------------------------------------

--
-- Struktur dari tabel `migrations`
--

CREATE TABLE `migrations` (
  `id` int(10) UNSIGNED NOT NULL,
  `migration` varchar(255) NOT NULL,
  `batch` int(11) NOT NULL
) ENGINE=InnoDB DEFAULT CHARSET=utf8mb4 COLLATE=utf8mb4_unicode_ci;

--
-- Dumping data untuk tabel `migrations`
--

INSERT INTO `migrations` (`id`, `migration`, `batch`) VALUES
(1, '0001_01_01_000000_create_users_table', 1),
(2, '0001_01_01_000001_create_cache_table', 1),
(3, '0001_01_01_000002_create_jobs_table', 1),
(4, '2024_07_01_000001_create_products_table', 1),
(5, '2024_07_01_000002_create_customers_table', 1),
(6, '2024_07_01_000003_create_transactions_table', 1),
(7, '2024_07_01_000004_create_transaction_details_table', 1);

-- --------------------------------------------------------

--
-- Struktur dari tabel `password_reset_tokens`
--

CREATE TABLE `password_reset_tokens` (
  `email` varchar(255) NOT NULL,
  `token` varchar(255) NOT NULL,
  `created_at` timestamp NULL DEFAULT NULL
) ENGINE=InnoDB DEFAULT CHARSET=utf8mb4 COLLATE=utf8mb4_unicode_ci;

-- --------------------------------------------------------

--
-- Struktur dari tabel `products`
--

CREATE TABLE `products` (
  `kode_produk` varchar(30) NOT NULL,
  `nama_produk` varchar(150) NOT NULL,
  `harga` decimal(15,2) NOT NULL DEFAULT 0.00,
  `stok` int(11) NOT NULL DEFAULT 0,
  `created_at` timestamp NULL DEFAULT NULL,
  `updated_at` timestamp NULL DEFAULT NULL
) ENGINE=InnoDB DEFAULT CHARSET=utf8mb4 COLLATE=utf8mb4_unicode_ci;

--
-- Dumping data untuk tabel `products`
--

INSERT INTO `products` (`kode_produk`, `nama_produk`, `harga`, `stok`, `created_at`, `updated_at`) VALUES
('PRD001', 'Beras Premium 5 Kg', 78000.00, 105, '2026-07-16 11:20:22', '2026-07-16 11:20:22'),
('PRD002', 'Minyak Goreng 2 L', 42000.00, 64, '2026-07-16 11:20:22', '2026-07-16 11:20:22'),
('PRD003', 'Gula Pasir 1 Kg', 18000.00, 198, '2026-07-16 11:20:22', '2026-07-16 11:20:22'),
('PRD004', 'Tepung Terigu 1 Kg', 14000.00, 188, '2026-07-16 11:20:22', '2026-07-16 11:20:22'),
('PRD005', 'Mie Instan Ayam Box', 125000.00, 65, '2026-07-16 11:20:22', '2026-07-16 11:20:22'),
('PRD006', 'Saus Sambal 500 ml', 24000.00, 130, '2026-07-16 11:20:22', '2026-07-16 11:20:22'),
('PRD007', 'Kecap Manis 600 ml', 26000.00, 64, '2026-07-16 11:20:22', '2026-07-16 11:20:22'),
('PRD008', 'Teh Celup 50 pcs', 28000.00, 62, '2026-07-16 11:20:22', '2026-07-16 11:20:22'),
('PRD009', 'Kopi Bubuk 500 gr', 35000.00, 199, '2026-07-16 11:20:22', '2026-07-16 11:20:22'),
('PRD010', 'Susu UHT 1 L', 22000.00, 172, '2026-07-16 11:20:22', '2026-07-16 11:20:22'),
('PRD011', 'Biskuit Kaleng', 55000.00, 178, '2026-07-16 11:20:22', '2026-07-16 11:20:22'),
('PRD012', 'Air Mineral Dus', 48000.00, 185, '2026-07-16 11:20:22', '2026-07-16 11:20:22'),
('PRD013', 'Sarden Kaleng Besar', 32000.00, 90, '2026-07-16 11:20:22', '2026-07-16 11:20:22'),
('PRD014', 'Margarin 500 gr', 21000.00, 64, '2026-07-16 11:20:22', '2026-07-16 11:20:22'),
('PRD015', 'Susu Kental Manis', 17000.00, 180, '2026-07-16 11:20:23', '2026-07-16 11:20:23'),
('PRD016', 'Sirup Jeruk 600 ml', 30000.00, 70, '2026-07-16 11:20:23', '2026-07-16 11:20:23'),
('PRD017', 'Kerupuk Udang 500 gr', 27000.00, 97, '2026-07-16 11:20:23', '2026-07-16 11:20:23'),
('PRD018', 'Cokelat Batang Box', 65000.00, 67, '2026-07-16 11:20:23', '2026-07-16 11:20:23'),
('PRD019', 'Snack Kentang Box', 72000.00, 67, '2026-07-16 11:20:23', '2026-07-16 11:20:23'),
('PRD020', 'Jus Buah 1 L', 25000.00, 110, '2026-07-16 11:20:23', '2026-07-16 11:20:23');

-- --------------------------------------------------------

--
-- Struktur dari tabel `sessions`
--

CREATE TABLE `sessions` (
  `id` varchar(255) NOT NULL,
  `user_id` bigint(20) UNSIGNED DEFAULT NULL,
  `ip_address` varchar(45) DEFAULT NULL,
  `user_agent` text DEFAULT NULL,
  `payload` longtext NOT NULL,
  `last_activity` int(11) NOT NULL
) ENGINE=InnoDB DEFAULT CHARSET=utf8mb4 COLLATE=utf8mb4_unicode_ci;

--
-- Dumping data untuk tabel `sessions`
--

INSERT INTO `sessions` (`id`, `user_id`, `ip_address`, `user_agent`, `payload`, `last_activity`) VALUES
('ZRkpSuxOO20AjgjJCDAhz3N3qEQLFV2UJpVPkEgL', NULL, '127.0.0.1', 'Mozilla/5.0 (Windows NT 10.0; Win64; x64) AppleWebKit/537.36 (KHTML, like Gecko) Chrome/150.0.0.0 Safari/537.36', 'YTozOntzOjY6Il90b2tlbiI7czo0MDoibldyN1VHRGxET0gzS3MzM1hDRXdBTG02T1M4U1BPM3l2REhjVnFZRCI7czo5OiJfcHJldmlvdXMiO2E6Mjp7czozOiJ1cmwiO3M6NDE6Imh0dHA6Ly8xMjcuMC4wLjE6ODAwMC90cmFuc2FjdGlvbnM/cGFnZT04IjtzOjU6InJvdXRlIjtzOjE4OiJ0cmFuc2FjdGlvbnMuaW5kZXgiO31zOjY6Il9mbGFzaCI7YToyOntzOjM6Im9sZCI7YTowOnt9czozOiJuZXciO2E6MDp7fX19', 1784204554);

-- --------------------------------------------------------

--
-- Struktur dari tabel `transactions`
--

CREATE TABLE `transactions` (
  `no_inv` varchar(30) NOT NULL,
  `kode_customer` varchar(30) NOT NULL,
  `nama_customer` varchar(150) NOT NULL,
  `alamat` text DEFAULT NULL,
  `tgl_inv` date NOT NULL,
  `total` decimal(15,2) NOT NULL DEFAULT 0.00,
  `created_at` timestamp NULL DEFAULT NULL,
  `updated_at` timestamp NULL DEFAULT NULL
) ENGINE=InnoDB DEFAULT CHARSET=utf8mb4 COLLATE=utf8mb4_unicode_ci;

--
-- Dumping data untuk tabel `transactions`
--

INSERT INTO `transactions` (`no_inv`, `kode_customer`, `nama_customer`, `alamat`, `tgl_inv`, `total`, `created_at`, `updated_at`) VALUES
('INV/2602/0001', 'CST001', 'Pelanggan 1', 'Jl. Mawar No. 1', '2026-02-05', 468000.00, '2026-07-16 11:25:03', '2026-07-16 11:25:03'),
('INV/2602/0002', 'CST004', 'Pelanggan 4', 'Jl. Mawar No. 4', '2026-02-12', 625000.00, '2026-07-16 11:25:03', '2026-07-16 11:25:03'),
('INV/2602/0003', 'CST008', 'Pelanggan 8', 'Jl. Mawar No. 8', '2026-02-18', 350000.00, '2026-07-16 11:25:03', '2026-07-16 11:25:03'),
('INV/2602/0004', 'CST012', 'Pelanggan 12', 'Jl. Mawar No. 12', '2026-02-25', 816000.00, '2026-07-16 11:25:03', '2026-07-16 11:25:03'),
('INV/2603/0001', 'CST002', 'Pelanggan 2', 'Jl. Mawar No. 2', '2026-03-03', 540000.00, '2026-07-16 11:25:03', '2026-07-16 11:25:03'),
('INV/2603/0002', 'CST005', 'Pelanggan 5', 'Jl. Mawar No. 5', '2026-03-10', 960000.00, '2026-07-16 11:25:03', '2026-07-16 11:25:03'),
('INV/2603/0003', 'CST010', 'Pelanggan 10', 'Jl. Mawar No. 10', '2026-03-15', 440000.00, '2026-07-16 11:25:03', '2026-07-16 11:25:03'),
('INV/2603/0004', 'CST015', 'Pelanggan 15', 'Jl. Mawar No. 15', '2026-03-22', 720000.00, '2026-07-16 11:25:03', '2026-07-16 11:25:03'),
('INV/2603/0005', 'CST019', 'Pelanggan 19', 'Jl. Mawar No. 19', '2026-03-28', 330000.00, '2026-07-16 11:25:03', '2026-07-16 11:25:03'),
('INV/2604/0001', 'CST003', 'Pelanggan 3', 'Jl. Mawar No. 3', '2026-04-04', 1170000.00, '2026-07-16 11:25:03', '2026-07-16 11:25:03'),
('INV/2604/0002', 'CST006', 'Pelanggan 6', 'Jl. Mawar No. 6', '2026-04-11', 500000.00, '2026-07-16 11:25:03', '2026-07-16 11:25:03'),
('INV/2604/0003', 'CST009', 'Pelanggan 9', 'Jl. Mawar No. 9', '2026-04-17', 812000.00, '2026-07-16 11:25:03', '2026-07-16 11:25:03'),
('INV/2604/0004', 'CST013', 'Pelanggan 13', 'Jl. Mawar No. 13', '2026-04-24', 620000.00, '2026-07-16 11:25:03', '2026-07-16 11:25:03'),
('INV/2605/0001', 'CST007', 'Pelanggan 7', 'Jl. Mawar No. 7', '2026-05-02', 1250000.00, '2026-07-16 11:25:03', '2026-07-16 11:25:03'),
('INV/2605/0002', 'CST011', 'Pelanggan 11', 'Jl. Mawar No. 11', '2026-05-09', 750000.00, '2026-07-16 11:25:03', '2026-07-16 11:25:03'),
('INV/2605/0003', 'CST014', 'Pelanggan 14', 'Jl. Mawar No. 14', '2026-05-16', 420000.00, '2026-07-16 11:25:03', '2026-07-16 11:25:03'),
('INV/2605/0004', 'CST017', 'Pelanggan 17', 'Jl. Mawar No. 17', '2026-05-23', 950000.00, '2026-07-16 11:25:03', '2026-07-16 11:25:03'),
('INV/2605/0005', 'CST020', 'Pelanggan 20', 'Jl. Mawar No. 20', '2026-05-29', 560000.00, '2026-07-16 11:25:03', '2026-07-16 11:25:03'),
('INV/2606/0001', 'CST001', 'Pelanggan 1', 'Jl. Mawar No. 1', '2026-06-01', 1440000.00, '2026-07-16 11:25:03', '2026-07-16 11:25:03'),
('INV/2606/0002', 'CST005', 'Pelanggan 5', 'Jl. Mawar No. 5', '2026-06-08', 850000.00, '2026-07-16 11:25:03', '2026-07-16 11:25:03'),
('INV/2606/0003', 'CST010', 'Pelanggan 10', 'Jl. Mawar No. 10', '2026-06-14', 670000.00, '2026-07-16 11:25:03', '2026-07-16 11:25:03'),
('INV/2606/0004', 'CST016', 'Pelanggan 16', 'Jl. Mawar No. 16', '2026-06-20', 1100000.00, '2026-07-16 11:25:03', '2026-07-16 11:25:03'),
('INV/2606/0005', 'CST018', 'Pelanggan 18', 'Jl. Mawar No. 18', '2026-06-27', 920000.00, '2026-07-16 11:25:03', '2026-07-16 11:25:03'),
('INV/2607/0001', 'CST001', 'Pelanggan 1', 'Jl. Mawar No. 1', '2026-07-02', 406400.00, '2026-07-16 11:20:23', '2026-07-16 11:20:23'),
('INV/2607/0002', 'CST002', 'Pelanggan 2', 'Jl. Mawar No. 2', '2026-07-03', 470008.00, '2026-07-16 11:20:23', '2026-07-16 11:20:23'),
('INV/2607/0003', 'CST003', 'Pelanggan 3', 'Jl. Mawar No. 3', '2026-07-04', 402820.00, '2026-07-16 11:20:23', '2026-07-16 11:20:23'),
('INV/2607/0004', 'CST004', 'Pelanggan 4', 'Jl. Mawar No. 4', '2026-07-05', 307496.00, '2026-07-16 11:20:23', '2026-07-16 11:20:23'),
('INV/2607/0005', 'CST005', 'Pelanggan 5', 'Jl. Mawar No. 5', '2026-07-06', 530278.00, '2026-07-16 11:20:23', '2026-07-16 11:20:23'),
('INV/2607/0006', 'CST006', 'Pelanggan 6', 'Jl. Mawar No. 6', '2026-07-07', 620485.00, '2026-07-16 11:20:23', '2026-07-16 11:20:23'),
('INV/2607/0007', 'CST007', 'Pelanggan 7', 'Jl. Mawar No. 7', '2026-07-08', 843454.00, '2026-07-16 11:20:23', '2026-07-16 11:20:23'),
('INV/2607/0008', 'CST008', 'Pelanggan 8', 'Jl. Mawar No. 8', '2026-07-09', 1151280.00, '2026-07-16 11:20:23', '2026-07-16 11:20:23'),
('INV/2607/0009', 'CST009', 'Pelanggan 9', 'Jl. Mawar No. 9', '2026-07-10', 187272.00, '2026-07-16 11:20:23', '2026-07-16 11:20:23'),
('INV/2607/0010', 'CST010', 'Pelanggan 10', 'Jl. Mawar No. 10', '2026-07-11', 1469946.00, '2026-07-16 11:20:23', '2026-07-16 11:20:23'),
('INV/2607/0011', 'CST011', 'Pelanggan 11', 'Jl. Mawar No. 11', '2026-07-12', 229800.00, '2026-07-16 11:20:23', '2026-07-16 11:20:23'),
('INV/2607/0012', 'CST012', 'Pelanggan 12', 'Jl. Mawar No. 12', '2026-07-13', 251300.00, '2026-07-16 11:20:23', '2026-07-16 11:20:23'),
('INV/2607/0013', 'CST013', 'Pelanggan 13', 'Jl. Mawar No. 13', '2026-07-14', 218250.00, '2026-07-16 11:20:23', '2026-07-16 11:20:23'),
('INV/2607/0014', 'CST014', 'Pelanggan 14', 'Jl. Mawar No. 14', '2026-07-15', 800400.00, '2026-07-16 11:20:23', '2026-07-16 11:20:23'),
('INV/2607/0015', 'CST015', 'Pelanggan 15', 'Jl. Mawar No. 15', '2026-07-16', 379594.00, '2026-07-16 11:20:23', '2026-07-16 11:20:23'),
('INV/2607/0016', 'CST016', 'Pelanggan 16', 'Jl. Mawar No. 16', '2026-07-17', 1318876.00, '2026-07-16 11:20:23', '2026-07-16 11:20:23'),
('INV/2607/0017', 'CST017', 'Pelanggan 17', 'Jl. Mawar No. 17', '2026-07-18', 92074.00, '2026-07-16 11:20:23', '2026-07-16 11:20:23'),
('INV/2607/0018', 'CST018', 'Pelanggan 18', 'Jl. Mawar No. 18', '2026-07-19', 2715520.00, '2026-07-16 11:20:23', '2026-07-16 11:20:23'),
('INV/2607/0019', 'CST019', 'Pelanggan 19', 'Jl. Mawar No. 19', '2026-07-20', 728280.00, '2026-07-16 11:20:23', '2026-07-16 11:20:23'),
('INV/2607/0020', 'CST020', 'Pelanggan 20', 'Jl. Mawar No. 20', '2026-07-21', 1090100.00, '2026-07-16 11:20:23', '2026-07-16 11:20:23'),
('INV/2607/0021', 'CST001', 'Pelanggan 1', 'Jl. Mawar No. 1', '2026-07-22', 659550.00, '2026-07-16 11:20:23', '2026-07-16 11:20:23'),
('INV/2607/0022', 'CST002', 'Pelanggan 2', 'Jl. Mawar No. 2', '2026-07-23', 769844.00, '2026-07-16 11:20:23', '2026-07-16 11:20:23'),
('INV/2607/0023', 'CST003', 'Pelanggan 3', 'Jl. Mawar No. 3', '2026-07-24', 1272420.00, '2026-07-16 11:20:23', '2026-07-16 11:20:23'),
('INV/2607/0024', 'CST004', 'Pelanggan 4', 'Jl. Mawar No. 4', '2026-07-25', 997300.00, '2026-07-16 11:20:23', '2026-07-16 11:20:23'),
('INV/2607/0025', 'CST005', 'Pelanggan 5', 'Jl. Mawar No. 5', '2026-07-26', 300200.00, '2026-07-16 11:20:23', '2026-07-16 11:20:23'),
('INV/2607/0026', 'CST006', 'Pelanggan 6', 'Jl. Mawar No. 6', '2026-07-27', 428106.00, '2026-07-16 11:20:23', '2026-07-16 11:20:23'),
('INV/2607/0027', 'CST007', 'Pelanggan 7', 'Jl. Mawar No. 7', '2026-07-28', 968905.00, '2026-07-16 11:20:23', '2026-07-16 11:20:23'),
('INV/2607/0028', 'CST008', 'Pelanggan 8', 'Jl. Mawar No. 8', '2026-07-01', 440500.00, '2026-07-16 11:20:23', '2026-07-16 11:20:23'),
('INV/2607/0029', 'CST009', 'Pelanggan 9', 'Jl. Mawar No. 9', '2026-07-02', 764260.00, '2026-07-16 11:20:23', '2026-07-16 11:20:23'),
('INV/2607/0030', 'CST010', 'Pelanggan 10', 'Jl. Mawar No. 10', '2026-07-03', 388200.00, '2026-07-16 11:20:23', '2026-07-16 11:20:23'),
('INV/2607/0031', 'CST011', 'Pelanggan 11', 'Jl. Mawar No. 11', '2026-07-04', 74550.00, '2026-07-16 11:20:23', '2026-07-16 11:20:23'),
('INV/2607/0032', 'CST012', 'Pelanggan 12', 'Jl. Mawar No. 12', '2026-07-05', 609900.00, '2026-07-16 11:20:23', '2026-07-16 11:20:23'),
('INV/2607/0033', 'CST013', 'Pelanggan 13', 'Jl. Mawar No. 13', '2026-07-06', 212628.00, '2026-07-16 11:20:23', '2026-07-16 11:20:23'),
('INV/2607/0034', 'CST014', 'Pelanggan 14', 'Jl. Mawar No. 14', '2026-07-07', 624900.00, '2026-07-16 11:20:23', '2026-07-16 11:20:23'),
('INV/2607/0035', 'CST015', 'Pelanggan 15', 'Jl. Mawar No. 15', '2026-07-08', 585027.00, '2026-07-16 11:20:23', '2026-07-16 11:20:23'),
('INV/2607/0036', 'CST016', 'Pelanggan 16', 'Jl. Mawar No. 16', '2026-07-09', 852700.00, '2026-07-16 11:20:23', '2026-07-16 11:20:23'),
('INV/2607/0037', 'CST017', 'Pelanggan 17', 'Jl. Mawar No. 17', '2026-07-10', 2299500.00, '2026-07-16 11:20:23', '2026-07-16 11:20:23'),
('INV/2607/0038', 'CST018', 'Pelanggan 18', 'Jl. Mawar No. 18', '2026-07-11', 1039878.00, '2026-07-16 11:20:23', '2026-07-16 11:20:23'),
('INV/2607/0039', 'CST019', 'Pelanggan 19', 'Jl. Mawar No. 19', '2026-07-12', 476682.00, '2026-07-16 11:20:23', '2026-07-16 11:20:23'),
('INV/2607/0040', 'CST020', 'Pelanggan 20', 'Jl. Mawar No. 20', '2026-07-13', 556964.00, '2026-07-16 11:20:23', '2026-07-16 11:20:23'),
('INV/2607/0041', 'CST001', 'Pelanggan 1', 'Jl. Mawar No. 1', '2026-07-14', 252154.00, '2026-07-16 11:20:23', '2026-07-16 11:20:23'),
('INV/2607/0042', 'CST002', 'Pelanggan 2', 'Jl. Mawar No. 2', '2026-07-15', 192850.00, '2026-07-16 11:20:23', '2026-07-16 11:20:23'),
('INV/2607/0043', 'CST003', 'Pelanggan 3', 'Jl. Mawar No. 3', '2026-07-16', 426550.00, '2026-07-16 11:20:24', '2026-07-16 11:20:24'),
('INV/2607/0044', 'CST004', 'Pelanggan 4', 'Jl. Mawar No. 4', '2026-07-17', 1686035.00, '2026-07-16 11:20:24', '2026-07-16 11:20:24'),
('INV/2607/0045', 'CST005', 'Pelanggan 5', 'Jl. Mawar No. 5', '2026-07-18', 509640.00, '2026-07-16 11:20:24', '2026-07-16 11:20:24'),
('INV/2607/0046', 'CST006', 'Pelanggan 6', 'Jl. Mawar No. 6', '2026-07-19', 309900.00, '2026-07-16 11:20:24', '2026-07-16 11:20:24'),
('INV/2607/0047', 'CST007', 'Pelanggan 7', 'Jl. Mawar No. 7', '2026-07-20', 1670024.00, '2026-07-16 11:20:24', '2026-07-16 11:20:24'),
('INV/2607/0048', 'CST008', 'Pelanggan 8', 'Jl. Mawar No. 8', '2026-07-21', 356573.00, '2026-07-16 11:20:24', '2026-07-16 11:20:24'),
('INV/2607/0049', 'CST009', 'Pelanggan 9', 'Jl. Mawar No. 9', '2026-07-22', 641979.00, '2026-07-16 11:20:24', '2026-07-16 11:20:24'),
('INV/2607/0050', 'CST010', 'Pelanggan 10', 'Jl. Mawar No. 10', '2026-07-23', 307872.00, '2026-07-16 11:20:24', '2026-07-16 11:20:24');

-- --------------------------------------------------------

--
-- Struktur dari tabel `transaction_details`
--

CREATE TABLE `transaction_details` (
  `id` bigint(20) UNSIGNED NOT NULL,
  `no_inv` varchar(30) NOT NULL,
  `kode_produk` varchar(30) NOT NULL,
  `nama_produk` varchar(150) NOT NULL,
  `qty` int(11) NOT NULL,
  `harga` decimal(15,2) NOT NULL,
  `disc1` decimal(5,2) NOT NULL DEFAULT 0.00,
  `disc2` decimal(5,2) NOT NULL DEFAULT 0.00,
  `disc3` decimal(5,2) NOT NULL DEFAULT 0.00,
  `harga_net` decimal(15,2) NOT NULL,
  `jumlah` decimal(15,2) NOT NULL,
  `created_at` timestamp NULL DEFAULT NULL,
  `updated_at` timestamp NULL DEFAULT NULL
) ENGINE=InnoDB DEFAULT CHARSET=utf8mb4 COLLATE=utf8mb4_unicode_ci;

--
-- Dumping data untuk tabel `transaction_details`
--

INSERT INTO `transaction_details` (`id`, `no_inv`, `kode_produk`, `nama_produk`, `qty`, `harga`, `disc1`, `disc2`, `disc3`, `harga_net`, `jumlah`, `created_at`, `updated_at`) VALUES
(81, 'INV/2607/0001', 'PRD019', 'Snack Kentang Box', 2, 72000.00, 5.00, 0.00, 0.00, 68400.00, 136800.00, '2026-07-16 11:20:23', '2026-07-16 11:20:23'),
(82, 'INV/2607/0001', 'PRD003', 'Gula Pasir 1 Kg', 8, 18000.00, 10.00, 0.00, 0.00, 16200.00, 129600.00, '2026-07-16 11:20:23', '2026-07-16 11:20:23'),
(83, 'INV/2607/0001', 'PRD009', 'Kopi Bubuk 500 gr', 4, 35000.00, 0.00, 0.00, 0.00, 35000.00, 140000.00, '2026-07-16 11:20:23', '2026-07-16 11:20:23'),
(84, 'INV/2607/0002', 'PRD013', 'Sarden Kaleng Besar', 10, 32000.00, 0.00, 2.00, 0.00, 31360.00, 313600.00, '2026-07-16 11:20:23', '2026-07-16 11:20:23'),
(85, 'INV/2607/0002', 'PRD014', 'Margarin 500 gr', 8, 21000.00, 5.00, 2.00, 0.00, 19551.00, 156408.00, '2026-07-16 11:20:23', '2026-07-16 11:20:23'),
(86, 'INV/2607/0003', 'PRD019', 'Snack Kentang Box', 1, 72000.00, 0.00, 0.00, 0.00, 72000.00, 72000.00, '2026-07-16 11:20:23', '2026-07-16 11:20:23'),
(87, 'INV/2607/0003', 'PRD004', 'Tepung Terigu 1 Kg', 9, 14000.00, 0.00, 0.00, 0.00, 14000.00, 126000.00, '2026-07-16 11:20:23', '2026-07-16 11:20:23'),
(88, 'INV/2607/0003', 'PRD011', 'Biskuit Kaleng', 4, 55000.00, 5.00, 2.00, 0.00, 51205.00, 204820.00, '2026-07-16 11:20:23', '2026-07-16 11:20:23'),
(89, 'INV/2607/0004', 'PRD017', 'Kerupuk Udang 500 gr', 8, 27000.00, 5.00, 2.00, 0.00, 25137.00, 201096.00, '2026-07-16 11:20:23', '2026-07-16 11:20:23'),
(90, 'INV/2607/0004', 'PRD008', 'Teh Celup 50 pcs', 4, 28000.00, 5.00, 0.00, 0.00, 26600.00, 106400.00, '2026-07-16 11:20:23', '2026-07-16 11:20:23'),
(91, 'INV/2607/0005', 'PRD015', 'Susu Kental Manis', 7, 17000.00, 10.00, 2.00, 0.00, 14994.00, 104958.00, '2026-07-16 11:20:23', '2026-07-16 11:20:23'),
(92, 'INV/2607/0005', 'PRD010', 'Susu UHT 1 L', 2, 22000.00, 0.00, 2.00, 0.00, 21560.00, 43120.00, '2026-07-16 11:20:23', '2026-07-16 11:20:23'),
(93, 'INV/2607/0005', 'PRD001', 'Beras Premium 5 Kg', 5, 78000.00, 0.00, 2.00, 0.00, 76440.00, 382200.00, '2026-07-16 11:20:23', '2026-07-16 11:20:23'),
(94, 'INV/2607/0006', 'PRD017', 'Kerupuk Udang 500 gr', 5, 27000.00, 5.00, 2.00, 0.00, 25137.00, 125685.00, '2026-07-16 11:20:23', '2026-07-16 11:20:23'),
(95, 'INV/2607/0006', 'PRD014', 'Margarin 500 gr', 8, 21000.00, 10.00, 0.00, 0.00, 18900.00, 151200.00, '2026-07-16 11:20:23', '2026-07-16 11:20:23'),
(96, 'INV/2607/0006', 'PRD020', 'Jus Buah 1 L', 10, 25000.00, 0.00, 0.00, 0.00, 25000.00, 250000.00, '2026-07-16 11:20:23', '2026-07-16 11:20:23'),
(97, 'INV/2607/0006', 'PRD007', 'Kecap Manis 600 ml', 4, 26000.00, 10.00, 0.00, 0.00, 23400.00, 93600.00, '2026-07-16 11:20:23', '2026-07-16 11:20:23'),
(98, 'INV/2607/0007', 'PRD006', 'Saus Sambal 500 ml', 8, 24000.00, 10.00, 2.00, 0.00, 21168.00, 169344.00, '2026-07-16 11:20:23', '2026-07-16 11:20:23'),
(99, 'INV/2607/0007', 'PRD012', 'Air Mineral Dus', 2, 48000.00, 0.00, 2.00, 0.00, 47040.00, 94080.00, '2026-07-16 11:20:23', '2026-07-16 11:20:23'),
(100, 'INV/2607/0007', 'PRD018', 'Cokelat Batang Box', 7, 65000.00, 5.00, 0.00, 0.00, 61750.00, 432250.00, '2026-07-16 11:20:23', '2026-07-16 11:20:23'),
(101, 'INV/2607/0007', 'PRD019', 'Snack Kentang Box', 1, 72000.00, 5.00, 0.00, 0.00, 68400.00, 68400.00, '2026-07-16 11:20:23', '2026-07-16 11:20:23'),
(102, 'INV/2607/0007', 'PRD003', 'Gula Pasir 1 Kg', 5, 18000.00, 10.00, 2.00, 0.00, 15876.00, 79380.00, '2026-07-16 11:20:23', '2026-07-16 11:20:23'),
(103, 'INV/2607/0008', 'PRD006', 'Saus Sambal 500 ml', 4, 24000.00, 10.00, 2.00, 0.00, 21168.00, 84672.00, '2026-07-16 11:20:23', '2026-07-16 11:20:23'),
(104, 'INV/2607/0008', 'PRD020', 'Jus Buah 1 L', 4, 25000.00, 5.00, 2.00, 0.00, 23275.00, 93100.00, '2026-07-16 11:20:23', '2026-07-16 11:20:23'),
(105, 'INV/2607/0008', 'PRD017', 'Kerupuk Udang 500 gr', 6, 27000.00, 10.00, 0.00, 0.00, 24300.00, 145800.00, '2026-07-16 11:20:23', '2026-07-16 11:20:23'),
(106, 'INV/2607/0008', 'PRD008', 'Teh Celup 50 pcs', 8, 28000.00, 5.00, 2.00, 0.00, 26068.00, 208544.00, '2026-07-16 11:20:23', '2026-07-16 11:20:23'),
(107, 'INV/2607/0008', 'PRD001', 'Beras Premium 5 Kg', 9, 78000.00, 10.00, 2.00, 0.00, 68796.00, 619164.00, '2026-07-16 11:20:23', '2026-07-16 11:20:23'),
(108, 'INV/2607/0009', 'PRD013', 'Sarden Kaleng Besar', 3, 32000.00, 10.00, 2.00, 0.00, 28224.00, 84672.00, '2026-07-16 11:20:23', '2026-07-16 11:20:23'),
(109, 'INV/2607/0009', 'PRD017', 'Kerupuk Udang 500 gr', 4, 27000.00, 5.00, 0.00, 0.00, 25650.00, 102600.00, '2026-07-16 11:20:23', '2026-07-16 11:20:23'),
(110, 'INV/2607/0010', 'PRD012', 'Air Mineral Dus', 8, 48000.00, 5.00, 0.00, 0.00, 45600.00, 364800.00, '2026-07-16 11:20:23', '2026-07-16 11:20:23'),
(111, 'INV/2607/0010', 'PRD019', 'Snack Kentang Box', 6, 72000.00, 0.00, 2.00, 0.00, 70560.00, 423360.00, '2026-07-16 11:20:23', '2026-07-16 11:20:23'),
(112, 'INV/2607/0010', 'PRD018', 'Cokelat Batang Box', 9, 65000.00, 10.00, 2.00, 0.00, 57330.00, 515970.00, '2026-07-16 11:20:23', '2026-07-16 11:20:23'),
(113, 'INV/2607/0010', 'PRD007', 'Kecap Manis 600 ml', 6, 26000.00, 5.00, 2.00, 0.00, 24206.00, 145236.00, '2026-07-16 11:20:23', '2026-07-16 11:20:23'),
(114, 'INV/2607/0010', 'PRD014', 'Margarin 500 gr', 1, 21000.00, 0.00, 2.00, 0.00, 20580.00, 20580.00, '2026-07-16 11:20:23', '2026-07-16 11:20:23'),
(115, 'INV/2607/0011', 'PRD018', 'Cokelat Batang Box', 2, 65000.00, 10.00, 0.00, 0.00, 58500.00, 117000.00, '2026-07-16 11:20:23', '2026-07-16 11:20:23'),
(116, 'INV/2607/0011', 'PRD019', 'Snack Kentang Box', 1, 72000.00, 10.00, 0.00, 0.00, 64800.00, 64800.00, '2026-07-16 11:20:23', '2026-07-16 11:20:23'),
(117, 'INV/2607/0011', 'PRD006', 'Saus Sambal 500 ml', 2, 24000.00, 0.00, 0.00, 0.00, 24000.00, 48000.00, '2026-07-16 11:20:23', '2026-07-16 11:20:23'),
(118, 'INV/2607/0012', 'PRD009', 'Kopi Bubuk 500 gr', 5, 35000.00, 0.00, 2.00, 0.00, 34300.00, 171500.00, '2026-07-16 11:20:23', '2026-07-16 11:20:23'),
(119, 'INV/2607/0012', 'PRD008', 'Teh Celup 50 pcs', 3, 28000.00, 5.00, 0.00, 0.00, 26600.00, 79800.00, '2026-07-16 11:20:23', '2026-07-16 11:20:23'),
(120, 'INV/2607/0013', 'PRD006', 'Saus Sambal 500 ml', 5, 24000.00, 10.00, 0.00, 0.00, 21600.00, 108000.00, '2026-07-16 11:20:23', '2026-07-16 11:20:23'),
(121, 'INV/2607/0013', 'PRD020', 'Jus Buah 1 L', 5, 25000.00, 10.00, 2.00, 0.00, 22050.00, 110250.00, '2026-07-16 11:20:23', '2026-07-16 11:20:23'),
(122, 'INV/2607/0014', 'PRD015', 'Susu Kental Manis', 2, 17000.00, 0.00, 0.00, 0.00, 17000.00, 34000.00, '2026-07-16 11:20:23', '2026-07-16 11:20:23'),
(123, 'INV/2607/0014', 'PRD011', 'Biskuit Kaleng', 7, 55000.00, 5.00, 0.00, 0.00, 52250.00, 365750.00, '2026-07-16 11:20:23', '2026-07-16 11:20:23'),
(124, 'INV/2607/0014', 'PRD016', 'Sirup Jeruk 600 ml', 4, 30000.00, 5.00, 0.00, 0.00, 28500.00, 114000.00, '2026-07-16 11:20:23', '2026-07-16 11:20:23'),
(125, 'INV/2607/0014', 'PRD018', 'Cokelat Batang Box', 5, 65000.00, 10.00, 2.00, 0.00, 57330.00, 286650.00, '2026-07-16 11:20:23', '2026-07-16 11:20:23'),
(126, 'INV/2607/0015', 'PRD020', 'Jus Buah 1 L', 4, 25000.00, 0.00, 0.00, 0.00, 25000.00, 100000.00, '2026-07-16 11:20:23', '2026-07-16 11:20:23'),
(127, 'INV/2607/0015', 'PRD014', 'Margarin 500 gr', 3, 21000.00, 0.00, 2.00, 0.00, 20580.00, 61740.00, '2026-07-16 11:20:23', '2026-07-16 11:20:23'),
(128, 'INV/2607/0015', 'PRD001', 'Beras Premium 5 Kg', 3, 78000.00, 5.00, 2.00, 0.00, 72618.00, 217854.00, '2026-07-16 11:20:23', '2026-07-16 11:20:23'),
(129, 'INV/2607/0016', 'PRD018', 'Cokelat Batang Box', 9, 65000.00, 10.00, 0.00, 0.00, 58500.00, 526500.00, '2026-07-16 11:20:23', '2026-07-16 11:20:23'),
(130, 'INV/2607/0016', 'PRD008', 'Teh Celup 50 pcs', 7, 28000.00, 10.00, 2.00, 0.00, 24696.00, 172872.00, '2026-07-16 11:20:23', '2026-07-16 11:20:23'),
(131, 'INV/2607/0016', 'PRD017', 'Kerupuk Udang 500 gr', 6, 27000.00, 10.00, 2.00, 0.00, 23814.00, 142884.00, '2026-07-16 11:20:23', '2026-07-16 11:20:23'),
(132, 'INV/2607/0016', 'PRD015', 'Susu Kental Manis', 7, 17000.00, 0.00, 2.00, 0.00, 16660.00, 116620.00, '2026-07-16 11:20:23', '2026-07-16 11:20:23'),
(133, 'INV/2607/0016', 'PRD019', 'Snack Kentang Box', 5, 72000.00, 0.00, 0.00, 0.00, 72000.00, 360000.00, '2026-07-16 11:20:23', '2026-07-16 11:20:23'),
(134, 'INV/2607/0017', 'PRD010', 'Susu UHT 1 L', 2, 22000.00, 5.00, 0.00, 0.00, 20900.00, 41800.00, '2026-07-16 11:20:23', '2026-07-16 11:20:23'),
(135, 'INV/2607/0017', 'PRD003', 'Gula Pasir 1 Kg', 3, 18000.00, 5.00, 2.00, 0.00, 16758.00, 50274.00, '2026-07-16 11:20:23', '2026-07-16 11:20:23'),
(136, 'INV/2607/0018', 'PRD005', 'Mie Instan Ayam Box', 10, 125000.00, 0.00, 2.00, 0.00, 122500.00, 1225000.00, '2026-07-16 11:20:23', '2026-07-16 11:20:23'),
(137, 'INV/2607/0018', 'PRD001', 'Beras Premium 5 Kg', 8, 78000.00, 0.00, 2.00, 0.00, 76440.00, 611520.00, '2026-07-16 11:20:23', '2026-07-16 11:20:23'),
(138, 'INV/2607/0018', 'PRD018', 'Cokelat Batang Box', 10, 65000.00, 10.00, 0.00, 0.00, 58500.00, 585000.00, '2026-07-16 11:20:23', '2026-07-16 11:20:23'),
(139, 'INV/2607/0018', 'PRD002', 'Minyak Goreng 2 L', 7, 42000.00, 0.00, 0.00, 0.00, 42000.00, 294000.00, '2026-07-16 11:20:23', '2026-07-16 11:20:23'),
(140, 'INV/2607/0019', 'PRD007', 'Kecap Manis 600 ml', 7, 26000.00, 10.00, 0.00, 0.00, 23400.00, 163800.00, '2026-07-16 11:20:23', '2026-07-16 11:20:23'),
(141, 'INV/2607/0019', 'PRD019', 'Snack Kentang Box', 8, 72000.00, 0.00, 2.00, 0.00, 70560.00, 564480.00, '2026-07-16 11:20:23', '2026-07-16 11:20:23'),
(142, 'INV/2607/0020', 'PRD010', 'Susu UHT 1 L', 10, 22000.00, 5.00, 0.00, 0.00, 20900.00, 209000.00, '2026-07-16 11:20:23', '2026-07-16 11:20:23'),
(143, 'INV/2607/0020', 'PRD017', 'Kerupuk Udang 500 gr', 1, 27000.00, 0.00, 0.00, 0.00, 27000.00, 27000.00, '2026-07-16 11:20:23', '2026-07-16 11:20:23'),
(144, 'INV/2607/0020', 'PRD016', 'Sirup Jeruk 600 ml', 6, 30000.00, 10.00, 0.00, 0.00, 27000.00, 162000.00, '2026-07-16 11:20:23', '2026-07-16 11:20:23'),
(145, 'INV/2607/0020', 'PRD001', 'Beras Premium 5 Kg', 6, 78000.00, 5.00, 0.00, 0.00, 74100.00, 444600.00, '2026-07-16 11:20:23', '2026-07-16 11:20:23'),
(146, 'INV/2607/0020', 'PRD011', 'Biskuit Kaleng', 5, 55000.00, 10.00, 0.00, 0.00, 49500.00, 247500.00, '2026-07-16 11:20:23', '2026-07-16 11:20:23'),
(147, 'INV/2607/0021', 'PRD018', 'Cokelat Batang Box', 2, 65000.00, 10.00, 0.00, 0.00, 58500.00, 117000.00, '2026-07-16 11:20:23', '2026-07-16 11:20:23'),
(148, 'INV/2607/0021', 'PRD012', 'Air Mineral Dus', 2, 48000.00, 0.00, 0.00, 0.00, 48000.00, 96000.00, '2026-07-16 11:20:23', '2026-07-16 11:20:23'),
(149, 'INV/2607/0021', 'PRD020', 'Jus Buah 1 L', 3, 25000.00, 10.00, 0.00, 0.00, 22500.00, 67500.00, '2026-07-16 11:20:23', '2026-07-16 11:20:23'),
(150, 'INV/2607/0021', 'PRD016', 'Sirup Jeruk 600 ml', 5, 30000.00, 5.00, 2.00, 0.00, 27930.00, 139650.00, '2026-07-16 11:20:23', '2026-07-16 11:20:23'),
(151, 'INV/2607/0021', 'PRD008', 'Teh Celup 50 pcs', 9, 28000.00, 5.00, 0.00, 0.00, 26600.00, 239400.00, '2026-07-16 11:20:23', '2026-07-16 11:20:23'),
(152, 'INV/2607/0022', 'PRD011', 'Biskuit Kaleng', 10, 55000.00, 10.00, 0.00, 0.00, 49500.00, 495000.00, '2026-07-16 11:20:23', '2026-07-16 11:20:23'),
(153, 'INV/2607/0022', 'PRD004', 'Tepung Terigu 1 Kg', 3, 14000.00, 10.00, 2.00, 0.00, 12348.00, 37044.00, '2026-07-16 11:20:23', '2026-07-16 11:20:23'),
(154, 'INV/2607/0022', 'PRD010', 'Susu UHT 1 L', 2, 22000.00, 5.00, 0.00, 0.00, 20900.00, 41800.00, '2026-07-16 11:20:23', '2026-07-16 11:20:23'),
(155, 'INV/2607/0022', 'PRD008', 'Teh Celup 50 pcs', 7, 28000.00, 0.00, 0.00, 0.00, 28000.00, 196000.00, '2026-07-16 11:20:23', '2026-07-16 11:20:23'),
(156, 'INV/2607/0023', 'PRD005', 'Mie Instan Ayam Box', 10, 125000.00, 10.00, 0.00, 0.00, 112500.00, 1125000.00, '2026-07-16 11:20:23', '2026-07-16 11:20:23'),
(157, 'INV/2607/0023', 'PRD011', 'Biskuit Kaleng', 2, 55000.00, 10.00, 2.00, 0.00, 48510.00, 97020.00, '2026-07-16 11:20:23', '2026-07-16 11:20:23'),
(158, 'INV/2607/0023', 'PRD004', 'Tepung Terigu 1 Kg', 4, 14000.00, 10.00, 0.00, 0.00, 12600.00, 50400.00, '2026-07-16 11:20:23', '2026-07-16 11:20:23'),
(159, 'INV/2607/0024', 'PRD012', 'Air Mineral Dus', 8, 48000.00, 5.00, 0.00, 0.00, 45600.00, 364800.00, '2026-07-16 11:20:23', '2026-07-16 11:20:23'),
(160, 'INV/2607/0024', 'PRD010', 'Susu UHT 1 L', 1, 22000.00, 5.00, 0.00, 0.00, 20900.00, 20900.00, '2026-07-16 11:20:23', '2026-07-16 11:20:23'),
(161, 'INV/2607/0024', 'PRD018', 'Cokelat Batang Box', 10, 65000.00, 10.00, 0.00, 0.00, 58500.00, 585000.00, '2026-07-16 11:20:23', '2026-07-16 11:20:23'),
(162, 'INV/2607/0024', 'PRD004', 'Tepung Terigu 1 Kg', 2, 14000.00, 5.00, 0.00, 0.00, 13300.00, 26600.00, '2026-07-16 11:20:23', '2026-07-16 11:20:23'),
(163, 'INV/2607/0025', 'PRD007', 'Kecap Manis 600 ml', 10, 26000.00, 5.00, 0.00, 0.00, 24700.00, 247000.00, '2026-07-16 11:20:23', '2026-07-16 11:20:23'),
(164, 'INV/2607/0025', 'PRD008', 'Teh Celup 50 pcs', 2, 28000.00, 5.00, 0.00, 0.00, 26600.00, 53200.00, '2026-07-16 11:20:23', '2026-07-16 11:20:23'),
(165, 'INV/2607/0026', 'PRD006', 'Saus Sambal 500 ml', 7, 24000.00, 10.00, 0.00, 0.00, 21600.00, 151200.00, '2026-07-16 11:20:23', '2026-07-16 11:20:23'),
(166, 'INV/2607/0026', 'PRD004', 'Tepung Terigu 1 Kg', 9, 14000.00, 5.00, 2.00, 0.00, 13034.00, 117306.00, '2026-07-16 11:20:23', '2026-07-16 11:20:23'),
(167, 'INV/2607/0026', 'PRD014', 'Margarin 500 gr', 8, 21000.00, 5.00, 0.00, 0.00, 19950.00, 159600.00, '2026-07-16 11:20:23', '2026-07-16 11:20:23'),
(168, 'INV/2607/0027', 'PRD011', 'Biskuit Kaleng', 1, 55000.00, 5.00, 2.00, 0.00, 51205.00, 51205.00, '2026-07-16 11:20:23', '2026-07-16 11:20:23'),
(169, 'INV/2607/0027', 'PRD002', 'Minyak Goreng 2 L', 10, 42000.00, 5.00, 0.00, 0.00, 39900.00, 399000.00, '2026-07-16 11:20:23', '2026-07-16 11:20:23'),
(170, 'INV/2607/0027', 'PRD001', 'Beras Premium 5 Kg', 7, 78000.00, 5.00, 0.00, 0.00, 74100.00, 518700.00, '2026-07-16 11:20:23', '2026-07-16 11:20:23'),
(171, 'INV/2607/0028', 'PRD003', 'Gula Pasir 1 Kg', 10, 18000.00, 5.00, 0.00, 0.00, 17100.00, 171000.00, '2026-07-16 11:20:23', '2026-07-16 11:20:23'),
(172, 'INV/2607/0028', 'PRD011', 'Biskuit Kaleng', 5, 55000.00, 0.00, 2.00, 0.00, 53900.00, 269500.00, '2026-07-16 11:20:23', '2026-07-16 11:20:23'),
(173, 'INV/2607/0029', 'PRD012', 'Air Mineral Dus', 4, 48000.00, 0.00, 0.00, 0.00, 48000.00, 192000.00, '2026-07-16 11:20:23', '2026-07-16 11:20:23'),
(174, 'INV/2607/0029', 'PRD009', 'Kopi Bubuk 500 gr', 2, 35000.00, 5.00, 0.00, 0.00, 33250.00, 66500.00, '2026-07-16 11:20:23', '2026-07-16 11:20:23'),
(175, 'INV/2607/0029', 'PRD006', 'Saus Sambal 500 ml', 8, 24000.00, 0.00, 2.00, 0.00, 23520.00, 188160.00, '2026-07-16 11:20:23', '2026-07-16 11:20:23'),
(176, 'INV/2607/0029', 'PRD007', 'Kecap Manis 600 ml', 10, 26000.00, 10.00, 0.00, 0.00, 23400.00, 234000.00, '2026-07-16 11:20:23', '2026-07-16 11:20:23'),
(177, 'INV/2607/0029', 'PRD010', 'Susu UHT 1 L', 4, 22000.00, 5.00, 0.00, 0.00, 20900.00, 83600.00, '2026-07-16 11:20:23', '2026-07-16 11:20:23'),
(178, 'INV/2607/0030', 'PRD011', 'Biskuit Kaleng', 6, 55000.00, 10.00, 0.00, 0.00, 49500.00, 297000.00, '2026-07-16 11:20:23', '2026-07-16 11:20:23'),
(179, 'INV/2607/0030', 'PRD006', 'Saus Sambal 500 ml', 4, 24000.00, 5.00, 0.00, 0.00, 22800.00, 91200.00, '2026-07-16 11:20:23', '2026-07-16 11:20:23'),
(180, 'INV/2607/0031', 'PRD008', 'Teh Celup 50 pcs', 1, 28000.00, 0.00, 0.00, 0.00, 28000.00, 28000.00, '2026-07-16 11:20:23', '2026-07-16 11:20:23'),
(181, 'INV/2607/0031', 'PRD020', 'Jus Buah 1 L', 2, 25000.00, 5.00, 2.00, 0.00, 23275.00, 46550.00, '2026-07-16 11:20:23', '2026-07-16 11:20:23'),
(182, 'INV/2607/0032', 'PRD003', 'Gula Pasir 1 Kg', 1, 18000.00, 5.00, 0.00, 0.00, 17100.00, 17100.00, '2026-07-16 11:20:23', '2026-07-16 11:20:23'),
(183, 'INV/2607/0032', 'PRD001', 'Beras Premium 5 Kg', 8, 78000.00, 5.00, 0.00, 0.00, 74100.00, 592800.00, '2026-07-16 11:20:23', '2026-07-16 11:20:23'),
(184, 'INV/2607/0033', 'PRD017', 'Kerupuk Udang 500 gr', 2, 27000.00, 10.00, 2.00, 0.00, 23814.00, 47628.00, '2026-07-16 11:20:23', '2026-07-16 11:20:23'),
(185, 'INV/2607/0033', 'PRD011', 'Biskuit Kaleng', 3, 55000.00, 0.00, 0.00, 0.00, 55000.00, 165000.00, '2026-07-16 11:20:23', '2026-07-16 11:20:23'),
(186, 'INV/2607/0034', 'PRD011', 'Biskuit Kaleng', 9, 55000.00, 10.00, 0.00, 0.00, 49500.00, 445500.00, '2026-07-16 11:20:23', '2026-07-16 11:20:23'),
(187, 'INV/2607/0034', 'PRD010', 'Susu UHT 1 L', 3, 22000.00, 0.00, 0.00, 0.00, 22000.00, 66000.00, '2026-07-16 11:20:23', '2026-07-16 11:20:23'),
(188, 'INV/2607/0034', 'PRD004', 'Tepung Terigu 1 Kg', 9, 14000.00, 10.00, 0.00, 0.00, 12600.00, 113400.00, '2026-07-16 11:20:23', '2026-07-16 11:20:23'),
(189, 'INV/2607/0035', 'PRD020', 'Jus Buah 1 L', 5, 25000.00, 5.00, 2.00, 0.00, 23275.00, 116375.00, '2026-07-16 11:20:23', '2026-07-16 11:20:23'),
(190, 'INV/2607/0035', 'PRD018', 'Cokelat Batang Box', 3, 65000.00, 0.00, 2.00, 0.00, 63700.00, 191100.00, '2026-07-16 11:20:23', '2026-07-16 11:20:23'),
(191, 'INV/2607/0035', 'PRD007', 'Kecap Manis 600 ml', 4, 26000.00, 5.00, 0.00, 0.00, 24700.00, 98800.00, '2026-07-16 11:20:23', '2026-07-16 11:20:23'),
(192, 'INV/2607/0035', 'PRD006', 'Saus Sambal 500 ml', 8, 24000.00, 5.00, 2.00, 0.00, 22344.00, 178752.00, '2026-07-16 11:20:23', '2026-07-16 11:20:23'),
(193, 'INV/2607/0036', 'PRD018', 'Cokelat Batang Box', 1, 65000.00, 5.00, 0.00, 0.00, 61750.00, 61750.00, '2026-07-16 11:20:23', '2026-07-16 11:20:23'),
(194, 'INV/2607/0036', 'PRD015', 'Susu Kental Manis', 3, 17000.00, 5.00, 0.00, 0.00, 16150.00, 48450.00, '2026-07-16 11:20:23', '2026-07-16 11:20:23'),
(195, 'INV/2607/0036', 'PRD020', 'Jus Buah 1 L', 1, 25000.00, 10.00, 0.00, 0.00, 22500.00, 22500.00, '2026-07-16 11:20:23', '2026-07-16 11:20:23'),
(196, 'INV/2607/0036', 'PRD019', 'Snack Kentang Box', 10, 72000.00, 0.00, 0.00, 0.00, 72000.00, 720000.00, '2026-07-16 11:20:23', '2026-07-16 11:20:23'),
(197, 'INV/2607/0037', 'PRD019', 'Snack Kentang Box', 5, 72000.00, 5.00, 0.00, 0.00, 68400.00, 342000.00, '2026-07-16 11:20:23', '2026-07-16 11:20:23'),
(198, 'INV/2607/0037', 'PRD005', 'Mie Instan Ayam Box', 10, 125000.00, 5.00, 0.00, 0.00, 118750.00, 1187500.00, '2026-07-16 11:20:23', '2026-07-16 11:20:23'),
(199, 'INV/2607/0037', 'PRD020', 'Jus Buah 1 L', 10, 25000.00, 0.00, 0.00, 0.00, 25000.00, 250000.00, '2026-07-16 11:20:23', '2026-07-16 11:20:23'),
(200, 'INV/2607/0037', 'PRD018', 'Cokelat Batang Box', 8, 65000.00, 0.00, 0.00, 0.00, 65000.00, 520000.00, '2026-07-16 11:20:23', '2026-07-16 11:20:23'),
(201, 'INV/2607/0038', 'PRD017', 'Kerupuk Udang 500 gr', 6, 27000.00, 5.00, 2.00, 0.00, 25137.00, 150822.00, '2026-07-16 11:20:23', '2026-07-16 11:20:23'),
(202, 'INV/2607/0038', 'PRD015', 'Susu Kental Manis', 8, 17000.00, 0.00, 2.00, 0.00, 16660.00, 133280.00, '2026-07-16 11:20:23', '2026-07-16 11:20:23'),
(203, 'INV/2607/0038', 'PRD008', 'Teh Celup 50 pcs', 7, 28000.00, 5.00, 2.00, 0.00, 26068.00, 182476.00, '2026-07-16 11:20:23', '2026-07-16 11:20:23'),
(204, 'INV/2607/0038', 'PRD018', 'Cokelat Batang Box', 10, 65000.00, 10.00, 2.00, 0.00, 57330.00, 573300.00, '2026-07-16 11:20:23', '2026-07-16 11:20:23'),
(205, 'INV/2607/0039', 'PRD008', 'Teh Celup 50 pcs', 6, 28000.00, 0.00, 2.00, 0.00, 27440.00, 164640.00, '2026-07-16 11:20:23', '2026-07-16 11:20:23'),
(206, 'INV/2607/0039', 'PRD002', 'Minyak Goreng 2 L', 4, 42000.00, 5.00, 0.00, 0.00, 39900.00, 159600.00, '2026-07-16 11:20:23', '2026-07-16 11:20:23'),
(207, 'INV/2607/0039', 'PRD003', 'Gula Pasir 1 Kg', 5, 18000.00, 10.00, 0.00, 0.00, 16200.00, 81000.00, '2026-07-16 11:20:23', '2026-07-16 11:20:23'),
(208, 'INV/2607/0039', 'PRD017', 'Kerupuk Udang 500 gr', 3, 27000.00, 10.00, 2.00, 0.00, 23814.00, 71442.00, '2026-07-16 11:20:23', '2026-07-16 11:20:23'),
(209, 'INV/2607/0040', 'PRD020', 'Jus Buah 1 L', 3, 25000.00, 0.00, 0.00, 0.00, 25000.00, 75000.00, '2026-07-16 11:20:23', '2026-07-16 11:20:23'),
(210, 'INV/2607/0040', 'PRD003', 'Gula Pasir 1 Kg', 7, 18000.00, 0.00, 2.00, 0.00, 17640.00, 123480.00, '2026-07-16 11:20:23', '2026-07-16 11:20:23'),
(211, 'INV/2607/0040', 'PRD004', 'Tepung Terigu 1 Kg', 1, 14000.00, 5.00, 2.00, 0.00, 13034.00, 13034.00, '2026-07-16 11:20:23', '2026-07-16 11:20:23'),
(212, 'INV/2607/0040', 'PRD017', 'Kerupuk Udang 500 gr', 7, 27000.00, 10.00, 2.00, 0.00, 23814.00, 166698.00, '2026-07-16 11:20:23', '2026-07-16 11:20:23'),
(213, 'INV/2607/0040', 'PRD013', 'Sarden Kaleng Besar', 6, 32000.00, 5.00, 2.00, 0.00, 29792.00, 178752.00, '2026-07-16 11:20:23', '2026-07-16 11:20:23'),
(214, 'INV/2607/0041', 'PRD018', 'Cokelat Batang Box', 2, 65000.00, 5.00, 2.00, 0.00, 60515.00, 121030.00, '2026-07-16 11:20:23', '2026-07-16 11:20:23'),
(215, 'INV/2607/0041', 'PRD002', 'Minyak Goreng 2 L', 2, 42000.00, 5.00, 2.00, 0.00, 39102.00, 78204.00, '2026-07-16 11:20:23', '2026-07-16 11:20:23'),
(216, 'INV/2607/0041', 'PRD017', 'Kerupuk Udang 500 gr', 2, 27000.00, 0.00, 2.00, 0.00, 26460.00, 52920.00, '2026-07-16 11:20:23', '2026-07-16 11:20:23'),
(217, 'INV/2607/0042', 'PRD015', 'Susu Kental Manis', 7, 17000.00, 5.00, 0.00, 0.00, 16150.00, 113050.00, '2026-07-16 11:20:24', '2026-07-16 11:20:24'),
(218, 'INV/2607/0042', 'PRD008', 'Teh Celup 50 pcs', 3, 28000.00, 5.00, 0.00, 0.00, 26600.00, 79800.00, '2026-07-16 11:20:24', '2026-07-16 11:20:24'),
(219, 'INV/2607/0043', 'PRD020', 'Jus Buah 1 L', 2, 25000.00, 5.00, 2.00, 0.00, 23275.00, 46550.00, '2026-07-16 11:20:24', '2026-07-16 11:20:24'),
(220, 'INV/2607/0043', 'PRD016', 'Sirup Jeruk 600 ml', 9, 30000.00, 5.00, 0.00, 0.00, 28500.00, 256500.00, '2026-07-16 11:20:24', '2026-07-16 11:20:24'),
(221, 'INV/2607/0043', 'PRD007', 'Kecap Manis 600 ml', 5, 26000.00, 5.00, 0.00, 0.00, 24700.00, 123500.00, '2026-07-16 11:20:24', '2026-07-16 11:20:24'),
(222, 'INV/2607/0044', 'PRD018', 'Cokelat Batang Box', 10, 65000.00, 0.00, 0.00, 0.00, 65000.00, 650000.00, '2026-07-16 11:20:24', '2026-07-16 11:20:24'),
(223, 'INV/2607/0044', 'PRD001', 'Beras Premium 5 Kg', 10, 78000.00, 0.00, 0.00, 0.00, 78000.00, 780000.00, '2026-07-16 11:20:24', '2026-07-16 11:20:24'),
(224, 'INV/2607/0044', 'PRD007', 'Kecap Manis 600 ml', 4, 26000.00, 0.00, 0.00, 0.00, 26000.00, 104000.00, '2026-07-16 11:20:24', '2026-07-16 11:20:24'),
(225, 'INV/2607/0044', 'PRD017', 'Kerupuk Udang 500 gr', 3, 27000.00, 10.00, 0.00, 0.00, 24300.00, 72900.00, '2026-07-16 11:20:24', '2026-07-16 11:20:24'),
(226, 'INV/2607/0044', 'PRD015', 'Susu Kental Manis', 5, 17000.00, 5.00, 2.00, 0.00, 15827.00, 79135.00, '2026-07-16 11:20:24', '2026-07-16 11:20:24'),
(227, 'INV/2607/0045', 'PRD015', 'Susu Kental Manis', 8, 17000.00, 5.00, 0.00, 0.00, 16150.00, 129200.00, '2026-07-16 11:20:24', '2026-07-16 11:20:24'),
(228, 'INV/2607/0045', 'PRD006', 'Saus Sambal 500 ml', 4, 24000.00, 10.00, 0.00, 0.00, 21600.00, 86400.00, '2026-07-16 11:20:24', '2026-07-16 11:20:24'),
(229, 'INV/2607/0045', 'PRD018', 'Cokelat Batang Box', 4, 65000.00, 5.00, 0.00, 0.00, 61750.00, 247000.00, '2026-07-16 11:20:24', '2026-07-16 11:20:24'),
(230, 'INV/2607/0045', 'PRD012', 'Air Mineral Dus', 1, 48000.00, 0.00, 2.00, 0.00, 47040.00, 47040.00, '2026-07-16 11:20:24', '2026-07-16 11:20:24'),
(231, 'INV/2607/0046', 'PRD018', 'Cokelat Batang Box', 3, 65000.00, 0.00, 2.00, 0.00, 63700.00, 191100.00, '2026-07-16 11:20:24', '2026-07-16 11:20:24'),
(232, 'INV/2607/0046', 'PRD010', 'Susu UHT 1 L', 6, 22000.00, 10.00, 0.00, 0.00, 19800.00, 118800.00, '2026-07-16 11:20:24', '2026-07-16 11:20:24'),
(233, 'INV/2607/0047', 'PRD017', 'Kerupuk Udang 500 gr', 2, 27000.00, 5.00, 2.00, 0.00, 25137.00, 50274.00, '2026-07-16 11:20:24', '2026-07-16 11:20:24'),
(234, 'INV/2607/0047', 'PRD012', 'Air Mineral Dus', 8, 48000.00, 5.00, 0.00, 0.00, 45600.00, 364800.00, '2026-07-16 11:20:24', '2026-07-16 11:20:24'),
(235, 'INV/2607/0047', 'PRD020', 'Jus Buah 1 L', 9, 25000.00, 5.00, 0.00, 0.00, 23750.00, 213750.00, '2026-07-16 11:20:24', '2026-07-16 11:20:24'),
(236, 'INV/2607/0047', 'PRD011', 'Biskuit Kaleng', 10, 55000.00, 5.00, 0.00, 0.00, 52250.00, 522500.00, '2026-07-16 11:20:24', '2026-07-16 11:20:24'),
(237, 'INV/2607/0047', 'PRD001', 'Beras Premium 5 Kg', 7, 78000.00, 5.00, 0.00, 0.00, 74100.00, 518700.00, '2026-07-16 11:20:24', '2026-07-16 11:20:24'),
(238, 'INV/2607/0048', 'PRD009', 'Kopi Bubuk 500 gr', 4, 35000.00, 5.00, 2.00, 0.00, 32585.00, 130340.00, '2026-07-16 11:20:24', '2026-07-16 11:20:24'),
(239, 'INV/2607/0048', 'PRD017', 'Kerupuk Udang 500 gr', 9, 27000.00, 5.00, 2.00, 0.00, 25137.00, 226233.00, '2026-07-16 11:20:24', '2026-07-16 11:20:24'),
(240, 'INV/2607/0049', 'PRD006', 'Saus Sambal 500 ml', 6, 24000.00, 10.00, 0.00, 0.00, 21600.00, 129600.00, '2026-07-16 11:20:24', '2026-07-16 11:20:24'),
(241, 'INV/2607/0049', 'PRD015', 'Susu Kental Manis', 7, 17000.00, 10.00, 0.00, 0.00, 15300.00, 107100.00, '2026-07-16 11:20:24', '2026-07-16 11:20:24'),
(242, 'INV/2607/0049', 'PRD017', 'Kerupuk Udang 500 gr', 7, 27000.00, 5.00, 2.00, 0.00, 25137.00, 175959.00, '2026-07-16 11:20:24', '2026-07-16 11:20:24'),
(243, 'INV/2607/0049', 'PRD007', 'Kecap Manis 600 ml', 10, 26000.00, 10.00, 2.00, 0.00, 22932.00, 229320.00, '2026-07-16 11:20:24', '2026-07-16 11:20:24'),
(244, 'INV/2607/0050', 'PRD016', 'Sirup Jeruk 600 ml', 5, 30000.00, 10.00, 0.00, 0.00, 27000.00, 135000.00, '2026-07-16 11:20:24', '2026-07-16 11:20:24'),
(245, 'INV/2607/0050', 'PRD008', 'Teh Celup 50 pcs', 7, 28000.00, 10.00, 2.00, 0.00, 24696.00, 172872.00, '2026-07-16 11:20:24', '2026-07-16 11:20:24'),
(246, 'INV/2602/0001', 'PRD001', 'Beras Premium 5 Kg', 5, 78000.00, 0.00, 0.00, 0.00, 78000.00, 390000.00, '2026-07-16 11:25:03', '2026-07-16 11:25:03'),
(247, 'INV/2602/0001', 'PRD003', 'Gula Pasir 1 Kg', 5, 18000.00, 10.00, 0.00, 0.00, 16200.00, 81000.00, '2026-07-16 11:25:03', '2026-07-16 11:25:03'),
(248, 'INV/2602/0002', 'PRD005', 'Mie Instan Ayam Box', 5, 125000.00, 0.00, 0.00, 0.00, 125000.00, 625000.00, '2026-07-16 11:25:03', '2026-07-16 11:25:03'),
(249, 'INV/2602/0003', 'PRD009', 'Kopi Bubuk 500 gr', 10, 35000.00, 0.00, 0.00, 0.00, 35000.00, 350000.00, '2026-07-16 11:25:03', '2026-07-16 11:25:03'),
(250, 'INV/2602/0004', 'PRD018', 'Cokelat Batang Box', 8, 65000.00, 0.00, 0.00, 0.00, 65000.00, 520000.00, '2026-07-16 11:25:03', '2026-07-16 11:25:03'),
(251, 'INV/2602/0004', 'PRD002', 'Minyak Goreng 2 L', 7, 42000.00, 0.00, 0.00, 0.00, 42000.00, 294000.00, '2026-07-16 11:25:03', '2026-07-16 11:25:03'),
(252, 'INV/2603/0001', 'PRD011', 'Biskuit Kaleng', 10, 55000.00, 2.00, 0.00, 0.00, 53900.00, 539000.00, '2026-07-16 11:25:03', '2026-07-16 11:25:03'),
(253, 'INV/2603/0002', 'PRD012', 'Air Mineral Dus', 20, 48000.00, 0.00, 0.00, 0.00, 48000.00, 960000.00, '2026-07-16 11:25:03', '2026-07-16 11:25:03'),
(254, 'INV/2603/0003', 'PRD010', 'Susu UHT 1 L', 20, 22000.00, 0.00, 0.00, 0.00, 22000.00, 440000.00, '2026-07-16 11:25:03', '2026-07-16 11:25:03'),
(255, 'INV/2603/0004', 'PRD019', 'Snack Kentang Box', 10, 72000.00, 0.00, 0.00, 0.00, 72000.00, 720000.00, '2026-07-16 11:25:03', '2026-07-16 11:25:03'),
(256, 'INV/2603/0005', 'PRD016', 'Sirup Jeruk 600 ml', 11, 30000.00, 0.00, 0.00, 0.00, 30000.00, 330000.00, '2026-07-16 11:25:03', '2026-07-16 11:25:03'),
(257, 'INV/2604/0001', 'PRD001', 'Beras Premium 5 Kg', 15, 78000.00, 0.00, 0.00, 0.00, 78000.00, 1170000.00, '2026-07-16 11:25:03', '2026-07-16 11:25:03'),
(258, 'INV/2604/0002', 'PRD020', 'Jus Buah 1 L', 20, 25000.00, 0.00, 0.00, 0.00, 25000.00, 500000.00, '2026-07-16 11:25:03', '2026-07-16 11:25:03'),
(259, 'INV/2604/0003', 'PRD002', 'Minyak Goreng 2 L', 10, 42000.00, 0.00, 0.00, 0.00, 42000.00, 420000.00, '2026-07-16 11:25:03', '2026-07-16 11:25:03'),
(260, 'INV/2604/0003', 'PRD007', 'Kecap Manis 600 ml', 15, 26000.00, 0.00, 0.00, 0.00, 26000.00, 390000.00, '2026-07-16 11:25:03', '2026-07-16 11:25:03'),
(261, 'INV/2604/0004', 'PRD013', 'Sarden Kaleng Besar', 10, 32000.00, 0.00, 0.00, 0.00, 32000.00, 320000.00, '2026-07-16 11:25:03', '2026-07-16 11:25:03'),
(262, 'INV/2604/0004', 'PRD016', 'Sirup Jeruk 600 ml', 10, 30000.00, 0.00, 0.00, 0.00, 30000.00, 300000.00, '2026-07-16 11:25:03', '2026-07-16 11:25:03'),
(263, 'INV/2605/0001', 'PRD005', 'Mie Instan Ayam Box', 10, 125000.00, 0.00, 0.00, 0.00, 125000.00, 1250000.00, '2026-07-16 11:25:03', '2026-07-16 11:25:03'),
(264, 'INV/2605/0002', 'PRD018', 'Cokelat Batang Box', 10, 65000.00, 0.00, 0.00, 0.00, 65000.00, 650000.00, '2026-07-16 11:25:03', '2026-07-16 11:25:03'),
(265, 'INV/2605/0002', 'PRD015', 'Susu Kental Manis', 6, 17000.00, 0.00, 0.00, 0.00, 17000.00, 102000.00, '2026-07-16 11:25:03', '2026-07-16 11:25:03'),
(266, 'INV/2605/0003', 'PRD006', 'Saus Sambal 500 ml', 10, 24000.00, 0.00, 0.00, 0.00, 24000.00, 240000.00, '2026-07-16 11:25:03', '2026-07-16 11:25:03'),
(267, 'INV/2605/0003', 'PRD003', 'Gula Pasir 1 Kg', 10, 18000.00, 0.00, 0.00, 0.00, 18000.00, 180000.00, '2026-07-16 11:25:03', '2026-07-16 11:25:03'),
(268, 'INV/2605/0004', 'PRD001', 'Beras Premium 5 Kg', 10, 78000.00, 0.00, 0.00, 0.00, 78000.00, 780000.00, '2026-07-16 11:25:03', '2026-07-16 11:25:03'),
(269, 'INV/2605/0004', 'PRD015', 'Susu Kental Manis', 10, 17000.00, 0.00, 0.00, 0.00, 17000.00, 170000.00, '2026-07-16 11:25:03', '2026-07-16 11:25:03'),
(270, 'INV/2605/0005', 'PRD008', 'Teh Celup 50 pcs', 20, 28000.00, 0.00, 0.00, 0.00, 28000.00, 560000.00, '2026-07-16 11:25:03', '2026-07-16 11:25:03'),
(271, 'INV/2606/0001', 'PRD019', 'Snack Kentang Box', 20, 72000.00, 0.00, 0.00, 0.00, 72000.00, 1440000.00, '2026-07-16 11:25:03', '2026-07-16 11:25:03'),
(272, 'INV/2606/0002', 'PRD011', 'Biskuit Kaleng', 10, 55000.00, 0.00, 0.00, 0.00, 55000.00, 550000.00, '2026-07-16 11:25:03', '2026-07-16 11:25:03'),
(273, 'INV/2606/0002', 'PRD016', 'Sirup Jeruk 600 ml', 10, 30000.00, 0.00, 0.00, 0.00, 30000.00, 300000.00, '2026-07-16 11:25:03', '2026-07-16 11:25:03'),
(274, 'INV/2606/0003', 'PRD009', 'Kopi Bubuk 500 gr', 10, 35000.00, 0.00, 0.00, 0.00, 35000.00, 350000.00, '2026-07-16 11:25:03', '2026-07-16 11:25:03'),
(275, 'INV/2606/0003', 'PRD013', 'Sarden Kaleng Besar', 10, 32000.00, 0.00, 0.00, 0.00, 32000.00, 320000.00, '2026-07-16 11:25:03', '2026-07-16 11:25:03'),
(276, 'INV/2606/0004', 'PRD005', 'Mie Instan Ayam Box', 8, 125000.00, 0.00, 0.00, 0.00, 125000.00, 1000000.00, '2026-07-16 11:25:03', '2026-07-16 11:25:03'),
(277, 'INV/2606/0004', 'PRD020', 'Jus Buah 1 L', 4, 25000.00, 0.00, 0.00, 0.00, 25000.00, 100000.00, '2026-07-16 11:25:03', '2026-07-16 11:25:03'),
(278, 'INV/2606/0005', 'PRD012', 'Air Mineral Dus', 10, 48000.00, 0.00, 0.00, 0.00, 48000.00, 480000.00, '2026-07-16 11:25:03', '2026-07-16 11:25:03'),
(279, 'INV/2606/0005', 'PRD002', 'Minyak Goreng 2 L', 10, 42000.00, 0.00, 0.00, 0.00, 42000.00, 420000.00, '2026-07-16 11:25:03', '2026-07-16 11:25:03');

-- --------------------------------------------------------

--
-- Struktur dari tabel `users`
--

CREATE TABLE `users` (
  `id` bigint(20) UNSIGNED NOT NULL,
  `name` varchar(255) NOT NULL,
  `email` varchar(255) NOT NULL,
  `email_verified_at` timestamp NULL DEFAULT NULL,
  `password` varchar(255) NOT NULL,
  `remember_token` varchar(100) DEFAULT NULL,
  `created_at` timestamp NULL DEFAULT NULL,
  `updated_at` timestamp NULL DEFAULT NULL
) ENGINE=InnoDB DEFAULT CHARSET=utf8mb4 COLLATE=utf8mb4_unicode_ci;

--
-- Indexes for dumped tables
--

--
-- Indeks untuk tabel `cache`
--
ALTER TABLE `cache`
  ADD PRIMARY KEY (`key`),
  ADD KEY `cache_expiration_index` (`expiration`);

--
-- Indeks untuk tabel `cache_locks`
--
ALTER TABLE `cache_locks`
  ADD PRIMARY KEY (`key`),
  ADD KEY `cache_locks_expiration_index` (`expiration`);

--
-- Indeks untuk tabel `customers`
--
ALTER TABLE `customers`
  ADD PRIMARY KEY (`kode_customer`);

--
-- Indeks untuk tabel `failed_jobs`
--
ALTER TABLE `failed_jobs`
  ADD PRIMARY KEY (`id`),
  ADD UNIQUE KEY `failed_jobs_uuid_unique` (`uuid`);

--
-- Indeks untuk tabel `jobs`
--
ALTER TABLE `jobs`
  ADD PRIMARY KEY (`id`),
  ADD KEY `jobs_queue_index` (`queue`);

--
-- Indeks untuk tabel `job_batches`
--
ALTER TABLE `job_batches`
  ADD PRIMARY KEY (`id`);

--
-- Indeks untuk tabel `migrations`
--
ALTER TABLE `migrations`
  ADD PRIMARY KEY (`id`);

--
-- Indeks untuk tabel `password_reset_tokens`
--
ALTER TABLE `password_reset_tokens`
  ADD PRIMARY KEY (`email`);

--
-- Indeks untuk tabel `products`
--
ALTER TABLE `products`
  ADD PRIMARY KEY (`kode_produk`);

--
-- Indeks untuk tabel `sessions`
--
ALTER TABLE `sessions`
  ADD PRIMARY KEY (`id`),
  ADD KEY `sessions_user_id_index` (`user_id`),
  ADD KEY `sessions_last_activity_index` (`last_activity`);

--
-- Indeks untuk tabel `transactions`
--
ALTER TABLE `transactions`
  ADD PRIMARY KEY (`no_inv`),
  ADD KEY `transactions_kode_customer_foreign` (`kode_customer`);

--
-- Indeks untuk tabel `transaction_details`
--
ALTER TABLE `transaction_details`
  ADD PRIMARY KEY (`id`),
  ADD KEY `transaction_details_no_inv_foreign` (`no_inv`),
  ADD KEY `transaction_details_kode_produk_foreign` (`kode_produk`);

--
-- Indeks untuk tabel `users`
--
ALTER TABLE `users`
  ADD PRIMARY KEY (`id`),
  ADD UNIQUE KEY `users_email_unique` (`email`);

--
-- AUTO_INCREMENT untuk tabel yang dibuang
--

--
-- AUTO_INCREMENT untuk tabel `failed_jobs`
--
ALTER TABLE `failed_jobs`
  MODIFY `id` bigint(20) UNSIGNED NOT NULL AUTO_INCREMENT;

--
-- AUTO_INCREMENT untuk tabel `jobs`
--
ALTER TABLE `jobs`
  MODIFY `id` bigint(20) UNSIGNED NOT NULL AUTO_INCREMENT;

--
-- AUTO_INCREMENT untuk tabel `migrations`
--
ALTER TABLE `migrations`
  MODIFY `id` int(10) UNSIGNED NOT NULL AUTO_INCREMENT, AUTO_INCREMENT=8;

--
-- AUTO_INCREMENT untuk tabel `transaction_details`
--
ALTER TABLE `transaction_details`
  MODIFY `id` bigint(20) UNSIGNED NOT NULL AUTO_INCREMENT, AUTO_INCREMENT=280;

--
-- AUTO_INCREMENT untuk tabel `users`
--
ALTER TABLE `users`
  MODIFY `id` bigint(20) UNSIGNED NOT NULL AUTO_INCREMENT;

--
-- Ketidakleluasaan untuk tabel pelimpahan (Dumped Tables)
--

--
-- Ketidakleluasaan untuk tabel `transactions`
--
ALTER TABLE `transactions`
  ADD CONSTRAINT `transactions_kode_customer_foreign` FOREIGN KEY (`kode_customer`) REFERENCES `customers` (`kode_customer`);

--
-- Ketidakleluasaan untuk tabel `transaction_details`
--
ALTER TABLE `transaction_details`
  ADD CONSTRAINT `transaction_details_kode_produk_foreign` FOREIGN KEY (`kode_produk`) REFERENCES `products` (`kode_produk`),
  ADD CONSTRAINT `transaction_details_no_inv_foreign` FOREIGN KEY (`no_inv`) REFERENCES `transactions` (`no_inv`) ON DELETE CASCADE;
COMMIT;

/*!40101 SET CHARACTER_SET_CLIENT=@OLD_CHARACTER_SET_CLIENT */;
/*!40101 SET CHARACTER_SET_RESULTS=@OLD_CHARACTER_SET_RESULTS */;
/*!40101 SET COLLATION_CONNECTION=@OLD_COLLATION_CONNECTION */;
